{
  "start": "2026-07-23",
  "bh_anteile": 13.379537816344122,
  "variants": {
    "baseline": {
      "cash": 9298.348983550972,
      "pos": {
        "SMCI": {
          "stk": 19.476247432935136,
          "einstieg": 31.095539923667907,
          "tag": 1,
          "richtung": "LONG"
        },
        "TRV": {
          "stk": 1.5112669211201557,
          "einstieg": 377.92886022949216,
          "tag": 1,
          "richtung": "LONG"
        },
        "LITE": {
          "stk": 0.7511656472991767,
          "einstieg": 845.4975497131347,
          "tag": 1,
          "richtung": "LONG"
        },
        "CVNA": {
          "stk": -9.756084809080798,
          "einstieg": 60.85455582237244,
          "tag": 1,
          "richtung": "SHORT"
        },
        "EQT": {
          "stk": 10.737333486975508,
          "einstieg": 54.157066068649286,
          "tag": 1,
          "richtung": "LONG"
        },
        "PTC": {
          "stk": -4.991446286198899,
          "einstieg": 113.32830963516236,
          "tag": 1,
          "richtung": "SHORT"
        },
        "CDNS": {
          "stk": -1.7703254580201333,
          "einstieg": 334.1628215789795,
          "tag": 1,
          "richtung": "SHORT"
        },
        "AXON": {
          "stk": -1.1829404066826872,
          "einstieg": 489.91492366027836,
          "tag": 1,
          "richtung": "SHORT"
        },
        "MU": {
          "stk": 0.6298062741150893,
          "einstieg": 924.3220374755858,
          "tag": 2,
          "richtung": "LONG"
        },
        "COHR": {
          "stk": 2.033952798831831,
          "einstieg": 286.2130423278808,
          "tag": 2,
          "richtung": "LONG"
        },
        "ALLE": {
          "stk": 3.7654289923396984,
          "einstieg": 154.6022563934326,
          "tag": 2,
          "richtung": "LONG"
        },
        "SNDK": {
          "stk": 0.39846920954910636,
          "einstieg": 1460.950569213867,
          "tag": 2,
          "richtung": "LONG"
        },
        "DELL": {
          "stk": 1.3130523450173737,
          "einstieg": 443.35156988525387,
          "tag": 2,
          "richtung": "LONG"
        },
        "WDAY": {
          "stk": -4.383898024499884,
          "einstieg": 132.65864360046388,
          "tag": 2,
          "richtung": "SHORT"
        },
        "TSLA": {
          "stk": -1.8604409018671053,
          "einstieg": 312.59362500000003,
          "tag": 2,
          "richtung": "SHORT"
        },
        "ISRG": {
          "stk": -1.718407801448932,
          "einstieg": 338.4307061004639,
          "tag": 2,
          "richtung": "SHORT"
        },
        "ROL": {
          "stk": -15.116987962732523,
          "einstieg": 38.47075667762756,
          "tag": 2,
          "richtung": "SHORT"
        }
      },
      "handelstage": 2,
      "letzter_tag": "2026-07-24"
    },
    "regime": {
      "cash": 19591.550752974777,
      "pos": {
        "WDAY": {
          "stk": -9.234864826422656,
          "einstieg": 132.65864360046388,
          "tag": 2,
          "richtung": "SHORT"
        },
        "PTC": {
          "stk": -10.514690689379067,
          "einstieg": 116.51171469497682,
          "tag": 2,
          "richtung": "SHORT"
        },
        "TSLA": {
          "stk": -3.91909669209301,
          "einstieg": 312.59362500000003,
          "tag": 2,
          "richtung": "SHORT"
        },
        "ISRG": {
          "stk": -3.6198980164146035,
          "einstieg": 338.4307061004639,
          "tag": 2,
          "richtung": "SHORT"
        },
        "CVNA": {
          "stk": -20.55160132454378,
          "einstieg": 59.610179389953615,
          "tag": 2,
          "richtung": "SHORT"
        },
        "ROL": {
          "stk": -31.84456838145072,
          "einstieg": 38.47075667762756,
          "tag": 2,
          "richtung": "SHORT"
        },
        "CDNS": {
          "stk": -3.7292647347689556,
          "einstieg": 328.50567842102055,
          "tag": 2,
          "richtung": "SHORT"
        },
        "AXON": {
          "stk": -2.491913519059173,
          "einstieg": 491.62406011962895,
          "tag": 2,
          "richtung": "SHORT"
        }
      },
      "handelstage": 2,
      "letzter_tag": "2026-07-24"
    },
    "social": {
      "cash": 9290.285374217112,
      "pos": {
        "SMCI": {
          "stk": 19.45760764909871,
          "einstieg": 31.095539923667907,
          "tag": 1,
          "richtung": "LONG"
        },
        "TRV": {
          "stk": 1.5098205599139827,
          "einstieg": 377.92886022949216,
          "tag": 1,
          "richtung": "LONG"
        },
        "LITE": {
          "stk": 0.7504467426262297,
          "einstieg": 845.4975497131347,
          "tag": 1,
          "richtung": "LONG"
        },
        "CVNA": {
          "stk": -9.746747727460875,
          "einstieg": 60.85455582237244,
          "tag": 1,
          "richtung": "SHORT"
        },
        "EQT": {
          "stk": 10.727057299231127,
          "einstieg": 54.157066068649286,
          "tag": 1,
          "richtung": "LONG"
        },
        "PTC": {
          "stk": -4.986669211963923,
          "einstieg": 113.32830963516236,
          "tag": 1,
          "richtung": "SHORT"
        },
        "CDNS": {
          "stk": -1.7686311642927994,
          "einstieg": 334.1628215789795,
          "tag": 1,
          "richtung": "SHORT"
        },
        "AXON": {
          "stk": -1.1818082710622158,
          "einstieg": 489.91492366027836,
          "tag": 1,
          "richtung": "SHORT"
        },
        "MU": {
          "stk": 0.6292035166871629,
          "einstieg": 924.3220374755858,
          "tag": 2,
          "richtung": "LONG"
        },
        "COHR": {
          "stk": 2.032006199999881,
          "einstieg": 286.2130423278808,
          "tag": 2,
          "richtung": "LONG"
        },
        "WDAY": {
          "stk": -4.379702405614932,
          "einstieg": 132.65864360046388,
          "tag": 2,
          "richtung": "SHORT"
        },
        "SNDK": {
          "stk": 0.3980878537485578,
          "einstieg": 1460.950569213867,
          "tag": 2,
          "richtung": "LONG"
        },
        "DELL": {
          "stk": 1.3117956854908752,
          "einstieg": 443.35156988525387,
          "tag": 2,
          "richtung": "LONG"
        },
        "ALLE": {
          "stk": 3.7618252805512586,
          "einstieg": 154.6022563934326,
          "tag": 2,
          "richtung": "LONG"
        },
        "TSLA": {
          "stk": -1.8586603629634657,
          "einstieg": 312.59362500000003,
          "tag": 2,
          "richtung": "SHORT"
        },
        "ISRG": {
          "stk": -1.716763195624728,
          "einstieg": 338.4307061004639,
          "tag": 2,
          "richtung": "SHORT"
        },
        "ROL": {
          "stk": -15.102520217400498,
          "einstieg": 38.47075667762756,
          "tag": 2,
          "richtung": "SHORT"
        }
      },
      "handelstage": 2,
      "letzter_tag": "2026-07-24"
    },
    "confidence": {
      "cash": 7906.878813270133,
      "pos": {
        "SMCI": {
          "stk": 15.290516137255599,
          "einstieg": 31.095539923667907,
          "tag": 1,
          "richtung": "LONG"
        },
        "TRV": {
          "stk": 1.186473489036274,
          "einstieg": 377.92886022949216,
          "tag": 1,
          "richtung": "LONG"
        },
        "LITE": {
          "stk": 0.9828818831185878,
          "einstieg": 845.4975497131347,
          "tag": 1,
          "richtung": "LONG"
        },
        "CVNA": {
          "stk": -7.659359058943877,
          "einstieg": 60.85455582237244,
          "tag": 1,
          "richtung": "SHORT"
        },
        "EQT": {
          "stk": 14.049538334581836,
          "einstieg": 54.03647886157759,
          "tag": 1,
          "richtung": "LONG"
        },
        "PTC": {
          "stk": -5.224948337724478,