{
  "start": "2026-07-23",
  "bh_anteile": 13.379537816344122,
  "variants": {
    "baseline": {
      "cash": 7962.142162740987,
      "pos": {
        "SMCI": {
          "stk": 19.476247432935136,
          "einstieg": 31.095539923667907,
          "tag": 1,
          "richtung": "LONG"
        },
        "TRV": {
          "stk": 1.7088753758974913,
          "einstieg": 378.9168911328029,
          "tag": 1,
          "richtung": "LONG"
        },
        "LITE": {
          "stk": 0.8485231885298883,
          "einstieg": 837.7913607571978,
          "tag": 1,
          "richtung": "LONG"
        },
        "CVNA": {
          "stk": -10.892811794336058,
          "einstieg": 60.82482933485462,
          "tag": 1,
          "richtung": "SHORT"
        },
        "EQT": {
          "stk": 12.383535772188315,
          "einstieg": 54.04733995929565,
          "tag": 1,
          "richtung": "LONG"
        },
        "PTC": {
          "stk": -5.585584501701373,
          "einstieg": 113.83809821838759,
          "tag": 1,
          "richtung": "SHORT"
        },
        "AXON": {
          "stk": -1.3164699462295972,
          "einstieg": 491.0564553387204,
          "tag": 1,
          "richtung": "SHORT"
        },
        "MU": {
          "stk": 0.700576708233438,
          "einstieg": 926.1786420370637,
          "tag": 2,
          "richtung": "LONG"
        },
        "COHR": {
          "stk": 2.2803107401665446,
          "einstieg": 286.581633111618,
          "tag": 2,
          "richtung": "LONG"
        },
        "ALLE": {
          "stk": 4.264653309416459,
          "einstieg": 154.6327085990057,
          "tag": 2,
          "richtung": "LONG"
        },
        "DELL": {
          "stk": 1.470345738000244,
          "einstieg": 443.9739532956952,
          "tag": 2,
          "richtung": "LONG"
        },
        "WDAY": {
          "stk": -4.93296241880423,
          "einstieg": 132.77990520539484,
          "tag": 2,
          "richtung": "SHORT"
        },
        "TSLA": {
          "stk": -2.12731035798839,
          "einstieg": 312.2864265199972,
          "tag": 2,
          "richtung": "SHORT"
        },
        "ROL": {
          "stk": -16.984545210540542,
          "einstieg": 38.51196966227137,
          "tag": 2,
          "richtung": "SHORT"
        },
        "SNDK": {
          "stk": 0.4493981214009364,
          "einstieg": 1461.4655971069335,
          "tag": 2,
          "richtung": "LONG"
        }
      },
      "handelstage": 2,
      "letzter_tag": "2026-07-24"
    },
    "regime": {
      "cash": 19379.43455102719,
      "pos": {
        "WDAY": {
          "stk": -12.071499026264169,
          "einstieg": 132.91464949688105,
          "tag": 2,
          "richtung": "SHORT"
        },
        "PTC": {
          "stk": -13.668536702484909,
          "einstieg": 116.88301670553729,
          "tag": 2,
          "richtung": "SHORT"
        },
        "TSLA": {
          "stk": -5.20576131233601,
          "einstieg": 311.98837868444747,
          "tag": 2,
          "richtung": "SHORT"
        },
        "CVNA": {
          "stk": -26.655902843971166,
          "einstieg": 59.82991285170672,
          "tag": 2,
          "richtung": "SHORT"
        },
        "ROL": {
          "stk": -41.563041345909895,
          "einstieg": 38.558397163742995,
          "tag": 2,
          "richtung": "SHORT"
        },
        "AXON": {
          "stk": -3.2215460659983806,
          "einstieg": 493.7859165818585,
          "tag": 2,
          "richtung": "SHORT"
        }
      },
      "handelstage": 2,
      "letzter_tag": "2026-07-24"
    },
    "social": {
      "cash": 7955.24449615087,
      "pos": {
        "SMCI": {
          "stk": 19.45760764909871,
          "einstieg": 31.095539923667907,
          "tag": 1,
          "richtung": "LONG"
        },
        "TRV": {
          "stk": 1.7073840709426076,
          "einstieg": 378.91752921036976,
          "tag": 1,
          "richtung": "LONG"
        },
        "LITE": {
          "stk": 0.8477826975302308,
          "einstieg": 837.7863399555073,
          "tag": 1,
          "richtung": "LONG"
        },
        "CVNA": {
          "stk": -10.883305832444028,
          "einstieg": 60.82480779065887,
          "tag": 1,
          "richtung": "SHORT"
        },
        "EQT": {
          "stk": 12.372728882161976,
          "einstieg": 54.047279524018876,
          "tag": 1,
          "richtung": "LONG"
        },
        "PTC": {
          "stk": -5.580710062078218,
          "einstieg": 113.83845987491918,
          "tag": 1,
          "richtung": "SHORT"
        },
        "AXON": {
          "stk": -1.315321086469864,
          "einstieg": 491.0573093051069,
          "tag": 1,
          "richtung": "SHORT"
        },
        "MU": {
          "stk": 0.6999653274791708,
          "einstieg": 926.1800372542895,
          "tag": 2,
          "richtung": "LONG"
        },
        "COHR": {
          "stk": 2.278320753796884,
          "einstieg": 286.58189008377445,
          "tag": 2,
          "richtung": "LONG"
        },
        "WDAY": {
          "stk": -4.928657510792109,
          "einstieg": 132.77998696292573,
          "tag": 2,
          "richtung": "SHORT"
        },
        "DELL": {
          "stk": 1.4690625935911206,
          "einstieg": 443.97439202521866,
          "tag": 2,
          "richtung": "LONG"
        },
        "ALLE": {
          "stk": 4.260931622802621,
          "einstieg": 154.63272799467526,
          "tag": 2,
          "richtung": "LONG"
        },
        "TSLA": {
          "stk": -2.1254538923138364,
          "einstieg": 312.28624567630544,
          "tag": 2,
          "richtung": "SHORT"
        },
        "ROL": {
          "stk": -16.96972310192679,
          "einstieg": 38.5119978326513,
          "tag": 2,
          "richtung": "SHORT"
        },
        "SNDK": {
          "stk": 0.44900597193401065,
          "einstieg": 1461.4655971069335,
          "tag": 2,
          "richtung": "LONG"
        }
      },
      "handelstage": 2,
      "letzter_tag": "2026-07-24"
    },
    "confidence": {
      "cash": 7320.038600905253,
      "pos": {
        "SMCI": {
          "stk": 21.171391934803665,
          "einstieg": 31.133058313622143,
          "tag": 1,
          "richtung": "LONG"
        },
        "TRV": {
          "stk": 1.7108444769696274,
          "einstieg": 380.54766740006255,
          "tag": 1,
          "richtung": "LONG"
        },
        "LITE": {
          "stk": 0.9828818831185878,
          "einstieg": 845.4975497131347,
          "tag": 1,
          "richtung": "LONG"
        },
        "CVNA": {
          "stk": -7.659359058943877,
          "einstieg": 60.85455582237244,
          "tag": 1,
          "richtung": "SHORT"
        },
        "EQT": {
          "stk": 12.397805059410649,
          "einstieg": 54.03647886157759,
          "tag": 1,
          "richtung": "LONG"
        },
        "PTC": {
          "stk": -5.224948337724478,
          "einstieg": 113.32830963516236,
          "tag": 1,
          "richtung": "SHORT"
        },
        "AXON": {
          "stk": -1.3179868867971294,
          "einstieg": 493.23899267998945,
          "tag": 1,
          "richtung": "SHORT"
        },
        "MU": {
          "stk": 0.5330277727471904,
          "einstieg": 924.3220374755858,
          "tag": 2,
          "richtung": "LONG"
        },
        "COHR": {
          "stk": 2.6613775061174096,
          "einstieg": 286.2130423278808,
          "tag": 2,
          "richtung": "LONG"
        },
        "ALLE": {
          "stk": 4.926971769871332,
          "einstieg": 154.6022563934326,
          "tag": 2,
          "richtung": "LONG"
        },
        "DELL": {
          "stk": 1.3744775109396763,
          "einstieg": 443.35156988525387,
          "tag": 2,
          "richtung": "LONG"
        },
        "WDAY": {
          "stk": -4.588978701262848,