{
  "start": "2026-07-23",
  "bh_anteile": 13.379537816344122,
  "strats": {
    "mom12_1": {
      "cash": -10.002499999998236,
      "pos": {
        "SNDK": {
          "stk": 0.30752576973602563,
          "einstieg": 1626.6929448852538
        },
        "MU": {
          "stk": 0.508646998982706,
          "einstieg": 983.4915
        },
        "WDC": {
          "stk": 0.8910750006254494,
          "einstieg": 561.4005551147461
        },
        "LITE": {
          "stk": 0.5978487661560382,
          "einstieg": 836.7500751342773
        },
        "INTC": {
          "stk": 5.005255686493928,
          "einstieg": 99.94494414138794
        },
        "STX": {
          "stk": 0.5437501489305904,
          "einstieg": 919.9997480163573
        },
        "CIEN": {
          "stk": 1.2349795908768295,
          "einstieg": 405.0674227294922
        },
        "LRCX": {
          "stk": 1.574455989131026,
          "einstieg": 317.72879232788085
        },
        "TER": {
          "stk": 1.3553808844472444,
          "einstieg": 369.0844438934326
        },
        "GLW": {
          "stk": 3.194275882573708,
          "einstieg": 156.6082637786865
        },
        "AMAT": {
          "stk": 0.8993938204222781,
          "einstieg": 556.2079576721192
        },
        "MRVL": {
          "stk": 2.425418456481103,
          "einstieg": 206.2530688934326
        },
        "COHR": {
          "stk": 1.6047757750947498,
          "einstieg": 311.72579232788087
        },
        "KLAC": {
          "stk": 2.326555262574567,
          "einstieg": 215.01745866394043
        },
        "AMD": {
          "stk": 0.9346755145935228,
          "einstieg": 535.2124798278809
        },
        "DELL": {
          "stk": 1.1496631390168262,
          "einstieg": 435.1274586639404
        },
        "FLEX": {
          "stk": 3.9280383094019444,
          "einstieg": 127.3536459159851
        },
        "ECHO": {
          "stk": 5.461496267971994,
          "einstieg": 91.59577805328368
        },
        "FIX": {
          "stk": 0.27157530184407985,
          "einstieg": 1842.0305403442383
        },
        "CNC": {
          "stk": 7.807620125732515,
          "einstieg": 64.0720209159851
        }
      },
      "letzter_rebal": "2026-07"
    },
    "reversal5": {
      "cash": -10.002499999999088,
      "pos": {
        "MRNA": {
          "stk": 8.798944008569089,
          "einstieg": 56.85341326332092
        },
        "ISRG": {
          "stk": 1.5078862617149023,
          "einstieg": 331.75579133605953
        },
        "GLW": {
          "stk": 3.194275882573708,
          "einstieg": 156.6082637786865
        },
        "SNPS": {
          "stk": 1.3436526028184557,
          "einstieg": 372.3060551147461
        },
        "CVNA": {
          "stk": 8.359805860550974,
          "einstieg": 59.839906373977655
        },
        "DHR": {
          "stk": 2.616088947024199,
          "einstieg": 191.2205625
        },
        "HOOD": {
          "stk": 4.898119034397298,
          "einstieg": 102.13104183197021
        },
        "CDNS": {
          "stk": 1.5073407882792478,
          "einstieg": 331.8758464508056
        },
        "TTD": {
          "stk": 29.5420988206105,
          "einstieg": 16.933461736679075
        },
        "AXON": {
          "stk": 1.0208873781893617,
          "einstieg": 490.0148740081787
        },
        "APP": {
          "stk": 1.259541019377974,
          "einstieg": 397.16848622131346
        },
        "CRWD": {
          "stk": 2.735529069587859,
          "einstieg": 182.8713887786865
        },
        "NOW": {
          "stk": 5.393737220572709,
          "einstieg": 92.74645381164551
        },
        "PTC": {
          "stk": 4.417936704373997,
          "einstieg": 113.23159055328368
        },
        "MSCI": {
          "stk": 0.9015588427823127,
          "einstieg": 554.8722681884765
        },
        "META": {
          "stk": 0.8256547209116711,
          "einstieg": 605.8828070983886
        },
        "GOOGL": {
          "stk": 1.5703024221895694,
          "einstieg": 318.5692086639404
        },
        "GOOG": {
          "stk": 1.5692674899957282,
          "einstieg": 318.7793051147461
        },
        "G24.DE": {
          "stk": 7.429420168309197,
          "einstieg": 67.33365305328368
        },
        "DDOG": {
          "stk": 2.0467895798122386,
          "einstieg": 244.4071461639404
        }
      },
      "letzter_rebal": "2026-W30"
    }
  }
}